5.45397E+11,ATX large,GTX 460
5.45397E+11,Flex ATX,Radeon 290
5.45397E+11,ATX12V/BTX,ARM 234
5.45397E+11,LFX12V,GTX 420
5.45397E+11,SFX12V,Radeon 290
5.45397E+11,ATX–EPS,ARM 234
5.45397E+11,Flex ATX,ARM 234
5.45397E+11,Flex ATX,Radeon 290
5.45397E+11,Flex ATX,ARM 234
5.45397E+11,ATX large,GTX 420
5.45397E+11,Flex ATX,Radeon 290
5.45397E+11,ATX12V/BTX,GTX 460
5.45397E+11,LFX12V,GTX 420
5.45397E+11,SFX12V,Radeon 290
5.45397E+11,Flex ATX,GTX 420
5.45397E+11,Flex ATX,ARM 234
